<?xml version="1.0" encoding="UTF-8"?>
<project-private xmlns="http://www.netbeans.org/ns/project-private/1">
    <editor-bookmarks xmlns="http://www.netbeans.org/ns/editor-bookmarks/2" lastBookmarkId="0"/>
    <open-files xmlns="http://www.netbeans.org/ns/projectui-open-files/2">
        <group>
            <file>file:/home/oracle/labs/05-Advanced_Class_Design/practices/practice3/EnumBanking05-03Prac/src/com/example/Bank.java</file>
            <file>file:/home/oracle/labs/05-Advanced_Class_Design/practices/practice3/EnumBanking05-03Prac/src/com/example/AbstractBankingMain.java</file>
        </group>
    </open-files>
</project-private>
