<?xml version="1.0" encoding="UTF-8"?>
<project-private xmlns="http://www.netbeans.org/ns/project-private/1">
    <editor-bookmarks xmlns="http://www.netbeans.org/ns/editor-bookmarks/2" lastBookmarkId="0"/>
    <open-files xmlns="http://www.netbeans.org/ns/projectui-open-files/2">
        <group>
            <file>file:/C:/Users/Khetho/Desktop/Java/D84838GC10_labs/labs/02-Review/examples/Employee/src/com/example/ObjectPassTest.java</file>
            <file>file:/C:/Users/Khetho/Desktop/Java/D84838GC10_labs/labs/02-Review/examples/Employee/src/com/example/domain/Employee.java</file>
        </group>
    </open-files>
</project-private>
