<?xml version="1.0" encoding="UTF-8"?>
<project-private xmlns="http://www.netbeans.org/ns/project-private/1">
    <editor-bookmarks xmlns="http://www.netbeans.org/ns/editor-bookmarks/2" lastBookmarkId="0"/>
    <open-files xmlns="http://www.netbeans.org/ns/projectui-open-files/2">
        <group>
            <file>file:/home/oracle/labs/04-Polymorphism/examples/StaticExamples/src/example/com/A01MathTest.java</file>
            <file>file:/home/oracle/labs/04-Polymorphism/examples/StaticExamples/src/example/com/A02StaticMethodTest.java</file>
            <file>file:/home/oracle/labs/04-Polymorphism/examples/StaticExamples/src/example/com/A03CounterTest.java</file>
            <file>file:/home/oracle/labs/04-Polymorphism/examples/StaticExamples/src/example/com/StaticHelper.java</file>
            <file>file:/home/oracle/labs/04-Polymorphism/examples/StaticExamples/src/example/com/StaticCounter.java</file>
            <file>file:/home/oracle/labs/04-Polymorphism/examples/StaticExamples/src/example/com/A04StaticInitializerTest.java</file>
        </group>
    </open-files>
</project-private>
